experiment,model,params,cv_recall_mean,oof_recall,test_recall,test_specificity,test_precision,threshold,cv_recall_std,train_recall,train_cv_recall_gap,train_test_recall_gap,fraud_amount_recall
logreg_1,LogisticRegression,{'model__C': 10.0},0.6274553571428572,0.6270089285714285,0.6121621621621621,0.9989070957546576,0.8595825426944972,0.982279776192183,,,,,
catboost_1,CatBoostClassifier,"{'model__depth': 4, 'model__iterations': 300, 'model__learning_rate': 0.1}",0.6622767857142857,0.6609375,0.6628378378378378,0.9985083333948708,0.8292476754015216,0.9737607206471384,,,,,
logreg_2,LogisticRegression,{'model__C': 1.0},0.6388392857142857,0.6426339285714285,0.6027027027027027,0.999025247564965,0.87109375,0.9880742464880616,,,,,
catboost_2,CatBoostClassifier,"{'model__depth': 6, 'model__iterations': 300, 'model__learning_rate': 0.1}",0.6819196428571428,0.6803571428571429,0.6912162162162162,0.9981538779639488,0.8036135113904164,0.967021406830507,,,,,
logreg_3,LogisticRegression,{'model__C': 0.1},0.5665178571428572,0.5689732142857142,0.5094594594594595,0.9987224835510526,0.8133764832793959,0.9850177613567968,,,,,
logreg_4,LogisticRegression,{'model__C': 1.0},0.6669642857142857,0.6694196428571428,0.6324324324324324,0.9988037129206389,0.8524590163934426,0.9901322952982394,,,,,
catboost_4,CatBoostClassifier,"{'model__depth': 8, 'model__iterations': 1000, 'model__learning_rate': 0.03}",0.7604910714285715,0.7566964285714286,0.8182432432432433,0.9982720297742562,0.8380622837370242,0.9408944133833193,,,,,
catboost_5,CatBoostClassifier,"{'depth': 6, 'learning_rate': 0.03, 'iterations': 213}",0.7263392857142857,0.7229910714285714,0.7668918918918919,0.9985674093000244,0.8540255831452219,0.973414751986332,,,,,
catboost_6,CatBoostClassifier,"{'depth': 6, 'learning_rate': 0.03, 'iterations': 165}",0.6966517857142858,0.6941964285714286,0.6486486486486487,0.9992615511855796,0.9056603773584906,0.9780476030970318,,,,,
catboost_5.1,CatBoostClassifier,"{'depth': 6, 'learning_rate': 0.1, 'iterations': 3}",0.4486607142857143,0.2276785714285714,0.0,1.0,0.0,0.8893393509949366,,,,,
catboost_5.2,CatBoostClassifier,"{'depth': 6, 'learning_rate': 0.1, 'iterations': 46}",0.7124999999999999,0.709375,0.6777027027027027,0.9992467822092912,0.9076923076923076,0.9749009744223202,,,,,
catboost_6.1,CatBoostClassifier,"{'model__depth': 8, 'model__iterations': 1000, 'model__learning_rate': 0.03}",0.7325892857142857,0.7294642857142857,0.7763513513513514,0.9982055693809584,0.8254310344827587,0.9399475258195804,,,,,
catboost_5.3,CatBoostClassifier,"{'depth': 8, 'learning_rate': 0.03, 'iterations': 126}",0.7296874999999999,0.7272321428571429,0.6412162162162162,0.9991507838634164,0.8919172932330827,0.9693928958007912,0.023195677065432,0.6354895104895105,-0.0941979895104894,-0.0057267057267056,0.8946909653237135
"""catboost_4.1",CatBoostClassifier,{'depth': 8; 'learning_rate': 0.03},0.7595982142857143,0.753125,0.7993243243243243,0.998552640323736,0.8578680203045685,0.9435754926570832,0.0240063479239608,0.8963286713286713,0.136730457042957,0.097004347004347,0.9610491124516046
catboost_6.2,CatBoostClassifier,"{'depth': 8, 'learning_rate': 0.03}",0.7325892857142857,0.7294642857142857,0.7763513513513514,0.9982055693809584,0.8254310344827587,0.9399475258195804,0.0211853759244726,0.9031468531468532,0.1705575674325674,0.1267955017955018,0.9565744949865628
catboost_7,CatBoostClassifier,"{'depth': 8, 'learning_rate': 0.03}",0.7312500000000001,0.7283482142857143,0.7682432432432432,0.9982941832386888,0.831140350877193,0.9383373076206696,0.0207865120121835,0.9006993006993007,0.1694493006993006,0.1324560574560574,0.9570915764956112
catboost_8,CatBoostClassifier,"{'depth': 8, 'learning_rate': 0.03}",0.7689732142857143,0.7689732142857143,0.827027027027027,0.9981686469402372,0.8315217391304348,0.9491949020059344,0.0244885502712544,0.8832167832167832,0.1142435689310689,0.0561897561897561,0.9688829190847066
catboost_9,CatBoostClassifier,"{'depth': 8, 'learning_rate': 0.03}",0.7700892857142858,0.771875,0.8364864864864865,0.9980800330825068,0.8264352469959947,0.9404337182122184,0.0258414925670952,0.8973776223776224,0.1272883366633366,0.0608911358911359,0.9709022405348016
catboost_10,CatBoostClassifier,"{'depth': 8, 'learning_rate': 0.03}",0.7736607142857144,0.771875,0.8033783783783783,0.9984714109541496,0.8517191977077364,0.94440228662673,0.025385003138738,0.900874125874126,0.1272134115884114,0.0974957474957475,0.9624489758219628
catboost_11,CatBoostClassifier,"{'depth': 8, 'learning_rate': 0.03}",0.7651785714285715,0.7671875,0.8081081081081081,0.9981834159165257,0.8294036061026352,0.9221584072993396,0.027500386515527407,0.9229020979020979,0.1577235264735264,0.1147939897939898,0.965065575300844
